id;comment;feelings;input_date;usuario_id
1;admin: Creativo Increible;ğŸ˜;2021-11-30;1
2;user: multitarea transmitter HDD;ğŸ˜;2021-11-29;2
3;prueba1: Account invoice;â˜¹;2021-11-30;3
4;prueba2: back-end;ğŸ˜;2021-11-30;4
5;prueba3: disintermediate payment SCSI;ğŸ˜;2021-11-29;5
6;prueba4: Heredado configurable;â˜¹;2021-11-30;6
7;prueba5: utilize;ğŸ˜;2021-11-30;7
8;prueba6: matrix content Salchichas;â˜¹;2021-11-30;8
9;prueba7: AragÃ³n InformÃ¡tica magnetic;ğŸ˜;2021-11-30;9
10;gonguelun: Gorro Navarra;ğŸ˜;2021-11-30;10
