id;title;created_at;due_on;status;description
1;Rojo Puente;2021-11-01;2021-11-01;SUCCESS;generate
2;Ronda Joyería gráfico;2021-11-01;2021-10-31;ON_GOING;Creativo
3;input;2021-11-01;2021-10-31;SUCCESS;Seychelles Burundi
4;Conjunto;2021-10-31;2021-11-01;ON_GOING;Violeta Amarillo SDD
5;bypass;2021-11-01;2021-11-01;PENDING;Niger Hormigon
6;Salud;2021-10-31;2021-10-31;FAIL;Hecho Hogar Extramuros
7;Canarias program ADP;2021-11-01;2021-11-01;PENDING;USB
8;Pequeño haptic Valenciana;2021-11-01;2021-11-01;PENDING;Extremadura terciaria
9;Consultor;2021-11-01;2021-10-31;FAIL;Especialista
10;Malasia en;2021-10-31;2021-11-01;FAIL;cross-platform e-business Vasco
